arm,scene,tag,prompt_layout,milestones_done,milestones_trackable,milestones_total,milestones_presatisfied,all_milestones_done,steps,termination,in_shared_set,frozen_pct,frozen_max_run,stalled_pct,revisit_pct,coverage,tortuosity,esc_presses,loop_self_reports,gui_limit_mentions,analyzer_turns,turns_without_action,stuck_class
prolong,0010,q35a-prolong-codex-0010,legacy,1,4,4,3,False,16,agent_esc,False,0.0,1,86.7,81.2,0.188,1.01,0,0,0,11,0,clean
prolong,0016,q35a-prolong-codex-0016,legacy,1,4,4,0,False,200,max_steps,False,33.7,9,94.3,89.9,0.101,1.57,0,0,0,569,556,clean
prolong,0019,q35a-prolong-codex-0019,legacy,1,4,4,0,False,200,max_steps,False,23.5,19,72.9,87.5,0.125,4.36,0,0,0,36,0,clean
prolong,0021,q35a-prolong-codex-0021,legacy,1,4,4,0,False,200,max_steps,False,60.5,11,85.9,93.0,0.070,1.01,0,0,0,18,0,clean
prolong,0026,q35a-prolong-codex-0026,legacy,1,4,4,0,False,200,max_steps,False,9.0,6,94.5,95.5,0.045,3.99,0,0,0,28,0,pacing_loop
prolong,0033,q35a-prolong-codex-0033,legacy,1,4,4,0,False,200,max_steps,False,9.0,18,91.5,95.5,0.045,3.95,0,0,0,62,0,pacing_loop
prolong,0037,q35a-prolong-codex-0037,legacy,2,4,4,1,False,200,max_steps,False,52.0,93,71.4,87.5,0.125,3.68,0,0,0,15,0,navigation_freeze
prolong,0040,q35a-prolong-codex-0040,legacy,2,4,4,0,False,200,max_steps,False,24.0,14,83.4,91.5,0.085,1.51,0,0,0,48,1,clean
prolong,0047,q35a-prolong-codex-0047,legacy,0,4,4,1,False,200,max_steps,False,0.0,1,19.6,72.0,0.280,3.79,0,0,0,24,0,clean
prolong,0049,q35a-prolong-codex-0049,legacy,0,4,4,0,False,200,max_steps,False,17.0,11,56.8,85.5,0.145,2.24,0,0,0,14,0,clean
prolong,0050,q35a-prolong-codex-0050,legacy,1,4,4,1,False,200,max_steps,False,23.5,11,75.9,88.0,0.120,1.45,0,0,0,75,0,clean
prolong,0053,q35a-prolong-codex-0053,legacy,2,4,4,2,False,48,agent_esc,False,0.0,1,36.2,68.8,0.312,1.10,0,0,0,11,0,clean
prolong,0058,q35a-prolong-codex-0058,legacy,1,4,4,1,False,200,max_steps,False,84.5,128,100.0,99.5,0.005,1.00,0,0,0,48,0,navigation_freeze
prolong,0070,q35a-prolong-codex-0070,legacy,2,4,4,0,False,200,max_steps,False,3.0,6,57.8,84.0,0.160,5.86,0,0,0,36,0,clean
prolong,0073,q35a-prolong-codex-0073,legacy,1,4,4,0,False,200,max_steps,False,13.0,17,82.9,88.0,0.120,3.65,0,0,0,46,0,clean
prolong,0074,q35a-prolong-codex-0074,legacy,2,4,4,0,False,200,max_steps,True,0.0,2,60.3,86.5,0.135,2.70,0,0,0,68,0,clean
prolong,0078,q35a-prolong-codex-0078,legacy,1,4,4,0,False,200,max_steps,False,51.0,6,96.0,95.0,0.050,2.26,0,0,0,34,0,pacing_loop
prolong,0084,q35a-prolong-codex-0084,legacy,3,4,4,1,False,41,agent_esc,False,0.0,1,35.0,73.2,0.268,1.03,0,0,0,10,0,clean
prolong,0093,q35a-prolong-codex-0093,legacy,0,4,4,0,False,200,max_steps,False,0.0,1,44.4,76.9,0.231,1.29,0,0,0,22,0,clean
prolong,0097,q35a-prolong-codex-0097,legacy,0,4,4,0,False,200,max_steps,False,63.0,34,98.0,96.0,0.040,1.85,0,0,0,38,0,navigation_freeze
prolong,0102,q35a-prolong-codex-0102,legacy,1,4,4,0,False,200,max_steps,True,22.5,16,72.4,84.5,0.155,3.39,0,0,0,33,0,clean
prolong,0106,q35a-prolong-codex-0106,legacy,0,4,4,0,False,200,max_steps,False,73.5,26,100.0,96.5,0.035,1.39,0,0,0,23,0,navigation_freeze
prolong,0107,q35a-prolong-codex-0107,legacy,1,4,4,0,False,200,max_steps,False,6.5,7,58.8,82.5,0.175,4.01,0,0,0,15,0,clean
prolong,0108,q35a-prolong-codex-0108,legacy,0,4,4,0,False,200,max_steps,False,5.0,10,46.7,88.0,0.120,2.81,0,0,0,15,0,clean
prolong,0110,q35a-prolong-codex-0110,legacy,0,4,4,0,False,200,max_steps,False,18.5,15,48.2,89.0,0.110,3.74,0,0,0,13,0,clean
prolong,0112,q35a-prolong-codex-0112,legacy,1,4,4,0,False,200,max_steps,False,21.0,6,79.4,89.5,0.105,1.75,0,0,0,28,0,clean
prolong,0115,q35a-prolong-codex-0115,legacy,1,4,4,1,False,200,max_steps,False,39.5,11,95.0,92.0,0.080,1.17,0,0,0,41,0,clean
prolong,0118,q35a-prolong-codex-0118,legacy,1,4,4,0,False,200,max_steps,True,73.5,53,98.5,97.0,0.030,1.09,0,0,0,14,0,navigation_freeze
prolong,0125,q35a-prolong-codex-0125,legacy,1,4,4,1,False,200,max_steps,False,24.5,14,90.5,91.5,0.085,1.97,0,0,0,31,0,clean
prolong,0130,q35a-prolong-codex-0130,legacy,0,4,4,0,False,200,max_steps,True,8.0,6,69.3,88.0,0.120,1.83,0,0,0,28,0,clean
prolong,0133,q35a-prolong-codex-0133,legacy,1,4,4,0,False,200,max_steps,False,0.0,1,46.2,74.1,0.259,1.24,0,0,0,869,865,clean
prolong,0140,q35a-prolong-codex-0140,legacy,1,4,4,0,False,200,max_steps,False,20.5,16,93.5,96.5,0.035,2.96,0,0,0,72,0,pacing_loop
prolong,0143,q35a-prolong-codex-0143,legacy,1,4,4,0,False,200,max_steps,False,51.5,53,81.4,92.5,0.075,1.86,0,0,0,19,0,navigation_freeze
prolong,0145,q35a-prolong-codex-0145,legacy,1,4,4,2,False,200,max_steps,False,39.5,22,94.0,93.5,0.065,2.69,0,0,0,39,0,navigation_freeze
prolong,0168,q35a-prolong-codex-0168,legacy,1,4,4,0,False,200,max_steps,False,36.0,11,99.0,96.0,0.040,1.53,0,0,0,85,0,pacing_loop
prolong,0172,q35a-prolong-codex-0172,legacy,0,4,4,0,False,200,max_steps,False,23.5,14,63.8,84.0,0.160,2.26,0,0,0,14,0,clean
prolong,0182,q35a-prolong-codex-0182,legacy,2,4,4,0,False,200,max_steps,True,0.0,1,74.9,83.0,0.170,5.10,0,0,0,50,0,clean
prolong,0184,q35a-prolong-codex-0184,legacy,0,4,4,1,False,200,max_steps,False,17.0,17,75.4,86.5,0.135,2.56,0,0,0,37,0,clean
prolong,0185,q35a-prolong-codex-0185,legacy,1,4,4,0,False,200,max_steps,False,5.0,10,70.9,88.0,0.120,3.71,0,0,0,35,0,clean
prolong,0221,q35a-prolong-codex-0221,legacy,0,4,4,0,False,200,max_steps,False,53.0,42,87.9,93.5,0.065,1.77,0,0,0,19,0,navigation_freeze
prolong,0224,q35a-prolong-codex-0224,legacy,0,4,4,0,False,200,max_steps,False,63.5,41,96.5,93.5,0.065,1.54,0,0,0,19,0,navigation_freeze
prolong,0225,q35a-prolong-codex-0225,legacy,1,4,4,1,False,200,max_steps,False,18.0,13,83.4,97.5,0.025,11.22,0,0,0,47,0,pacing_loop
prolong,0231,q35a-prolong-codex-0231,legacy,2,4,4,0,False,200,max_steps,False,38.5,23,89.9,94.0,0.060,5.32,0,0,0,35,0,navigation_freeze
prolong,0232,q35a-prolong-codex-0232,legacy,3,4,4,0,False,200,max_steps,True,5.5,6,91.5,95.5,0.045,2.53,0,0,0,50,0,pacing_loop
prolong,0239,q35a-prolong-codex-0239,legacy,1,4,4,0,False,200,max_steps,False,58.5,21,85.4,91.0,0.090,1.53,0,0,0,26,0,navigation_freeze
prolong,0242,q35a-prolong-codex-0242,legacy,0,4,4,0,False,200,max_steps,False,58.0,19,79.4,91.5,0.085,1.19,0,0,0,16,0,clean
prolong,0244,q35a-prolong-codex-0244,legacy,1,4,4,0,False,200,max_steps,False,52.5,46,94.5,95.0,0.050,1.51,0,0,0,48,0,navigation_freeze
prolong,0267,q35a-prolong-codex-0267,legacy,0,4,4,0,False,200,max_steps,False,60.0,48,85.4,95.0,0.050,6.78,0,0,0,18,0,navigation_freeze
prolong,0274,q35a-prolong-codex-0274,legacy,0,4,4,0,False,200,max_steps,False,0.0,2,98.5,96.5,0.035,1.09,0,0,0,92,0,pacing_loop
prolong,0280,q35a-prolong-codex-0280,legacy,1,4,4,0,False,200,max_steps,False,85.5,70,98.0,97.5,0.025,1.32,0,0,0,19,0,navigation_freeze
prolong,0289,q35a-prolong-codex-0289,legacy,2,4,4,0,False,200,max_steps,False,23.0,16,50.3,88.0,0.120,3.30,0,0,0,23,0,clean
prolong,0294,q35a-prolong-codex-0294,legacy,1,4,4,0,False,200,max_steps,False,14.5,16,50.3,82.5,0.175,2.31,0,0,0,13,0,clean
prolong,0295,q35a-prolong-codex-0295,legacy,1,4,4,0,False,200,max_steps,False,2.5,5,86.4,92.0,0.080,3.93,0,0,0,51,0,clean
prolong,0305,q35a-prolong-codex-0305,legacy,1,4,4,2,False,200,max_steps,False,71.0,78,89.9,94.5,0.055,1.00,0,0,0,27,0,navigation_freeze
prolong,0306,q35a-prolong-codex-0306,legacy,4,4,4,0,True,45,agent_esc,True,0.0,1,13.6,68.9,0.311,1.02,0,0,0,5,0,clean
prolong,0309,q35a-prolong-codex-0309,legacy,1,4,4,2,False,200,max_steps,False,11.5,12,91.5,91.0,0.090,6.49,0,0,0,37,0,clean
prolong,0311,q35a-prolong-codex-0311,legacy,1,4,4,2,False,200,max_steps,True,0.0,1,81.4,89.5,0.105,1.81,0,0,0,19,0,clean
prolong,0316,q35a-prolong-codex-0316,legacy,3,4,4,0,False,200,max_steps,False,2.5,5,55.8,84.0,0.160,2.32,0,0,0,60,0,clean
prolong,0324,q35a-prolong-codex-0324,legacy,1,4,4,0,False,200,max_steps,False,40.0,35,88.9,93.5,0.065,4.68,0,0,0,39,0,navigation_freeze
prolong,0326,q35a-prolong-codex-0326,legacy,2,4,4,0,False,200,max_steps,False,0.0,1,29.4,72.2,0.278,1.00,0,0,0,914,910,clean
prolong,0330,q35a-prolong-codex-0330,legacy,2,4,4,0,False,200,max_steps,False,41.0,24,80.4,90.0,0.100,2.19,0,0,0,31,0,navigation_freeze
prolong,0332,q35a-prolong-codex-0332,legacy,1,4,4,0,False,200,max_steps,False,8.0,16,56.3,80.5,0.195,2.78,0,0,0,18,0,clean
prolong,0339,q35a-prolong-codex-0339,legacy,1,4,4,1,False,200,max_steps,False,5.5,11,50.3,89.0,0.110,12.16,0,0,0,25,0,clean
prolong,0341,q35a-prolong-codex-0341,legacy,1,4,4,1,False,200,max_steps,False,0.0,4,62.3,88.0,0.120,3.21,0,0,0,67,0,clean
prolong,0343,q35a-prolong-codex-0343,legacy,2,4,4,0,False,200,max_steps,False,2.5,5,72.9,88.5,0.115,8.66,0,0,0,23,0,clean
prolong,0346,q35a-prolong-codex-0346,legacy,1,4,4,1,False,200,max_steps,False,0.0,1,40.7,77.5,0.225,5.32,0,0,0,23,0,clean
prolong,0349,q35a-prolong-codex-0349,legacy,0,4,4,2,False,200,max_steps,False,77.0,78,98.5,97.5,0.025,1.36,0,0,0,24,0,navigation_freeze
prolong,0350,q35a-prolong-codex-0350,legacy,1,4,4,1,False,200,max_steps,False,3.5,7,75.9,92.0,0.080,7.34,0,0,0,27,0,clean
prolong,0351,q35a-prolong-codex-0351,legacy,2,4,4,1,False,200,max_steps,False,0.0,2,85.4,90.0,0.100,4.42,0,0,0,127,0,clean
prolong,0356,q35a-prolong-codex-0356,legacy,4,4,4,0,True,134,agent_esc,False,20.1,16,78.9,90.3,0.097,1.61,0,0,0,23,0,clean
prolong,0360,q35a-prolong-codex-0360,legacy,0,4,4,0,False,200,max_steps,False,79.0,22,96.5,97.5,0.025,1.65,0,0,0,28,0,navigation_freeze
prolong,0368,q35a-prolong-codex-0368,legacy,0,4,4,1,False,200,max_steps,False,65.0,31,99.0,97.0,0.030,3.44,0,0,0,23,2,navigation_freeze
prolong,0369,q35a-prolong-codex-0369,legacy,2,4,4,0,False,200,max_steps,False,0.0,4,79.4,89.0,0.110,5.35,0,0,0,84,1,clean
prolong,0381,q35a-prolong-codex-0381,legacy,1,4,4,0,False,200,max_steps,False,37.5,21,78.9,88.5,0.115,5.30,0,0,0,15,0,navigation_freeze
prolong,0387,q35a-prolong-codex-0387,legacy,1,4,4,0,False,200,max_steps,False,0.0,3,42.2,74.5,0.255,1.45,0,0,0,15,0,clean
prolong,0393,q35a-prolong-codex-0393,legacy,0,4,4,1,False,200,max_steps,False,80.5,36,97.5,98.0,0.020,3.47,0,0,0,19,0,navigation_freeze
prolong,0408,q35a-prolong-codex-0408,legacy,0,4,4,0,False,200,max_steps,True,8.5,17,49.2,78.5,0.215,2.62,0,0,0,12,0,clean
prolong,0410,q35a-prolong-codex-0410,legacy,0,4,4,0,False,200,max_steps,True,2.5,5,76.4,88.0,0.120,3.10,0,0,0,37,0,clean
prolong,0412,q35a-prolong-codex-0412,legacy,1,4,4,0,False,200,max_steps,True,48.0,7,93.0,96.0,0.040,1.32,0,0,0,43,0,pacing_loop
prolong,0416,q35a-prolong-codex-0416,legacy,2,4,4,1,False,200,max_steps,False,18.5,16,84.9,91.0,0.090,3.11,0,0,0,80,3,clean
prolong,0422,q35a-prolong-codex-0422,legacy,2,4,4,1,False,200,max_steps,False,56.0,68,98.5,94.5,0.055,1.28,0,0,0,29,0,navigation_freeze
prolong,0431,q35a-prolong-codex-0431,legacy,3,4,4,0,False,200,max_steps,False,0.0,3,78.9,88.5,0.115,3.65,0,0,0,37,1,clean
prolong,0434,q35a-prolong-codex-0434,legacy,2,4,4,0,False,200,max_steps,False,22.5,16,50.8,85.0,0.150,2.54,0,0,0,17,0,clean
prolong,0435,q35a-prolong-codex-0435,legacy,2,4,4,0,False,200,max_steps,True,0.0,3,72.4,84.0,0.160,2.12,0,0,0,37,0,clean
prolong,0442,q35a-prolong-codex-0442,legacy,2,4,4,0,False,200,max_steps,False,29.5,17,83.4,90.5,0.095,3.63,0,0,0,38,0,clean
prolong,0462,q35a-prolong-codex-0462,legacy,2,4,4,0,False,200,max_steps,False,0.0,3,45.7,76.5,0.235,1.68,0,0,0,21,0,clean
prolong,0475,q35a-prolong-codex-0475,legacy,0,4,4,0,False,200,max_steps,False,7.0,8,95.5,91.0,0.090,4.50,0,0,0,23,0,clean
prolong,0482,q35a-prolong-codex-0482,legacy,1,4,4,0,False,200,max_steps,True,55.5,21,86.4,92.5,0.075,1.13,0,0,0,17,0,navigation_freeze
prolong,0492,q35a-prolong-codex-0492,legacy,1,4,4,0,False,200,max_steps,False,0.0,1,37.7,81.5,0.185,1.92,0,0,0,17,0,clean
prolong,0500,q35a-prolong-codex-0500,legacy,1,4,4,0,False,200,max_steps,False,17.0,9,56.8,82.0,0.180,1.79,0,0,0,18,0,clean
prolong,0501,q35a-prolong-codex-0501,legacy,0,4,4,0,False,200,max_steps,False,0.0,2,87.9,94.0,0.060,3.27,0,0,0,122,0,clean
prolong,0502,q35a-prolong-codex-0502,legacy,0,4,4,0,False,200,max_steps,False,88.4,167,100.0,99.0,0.010,1.08,0,0,0,38,0,navigation_freeze
prolong,0504,q35a-prolong-codex-0504,legacy,2,4,4,0,False,200,max_steps,False,20.0,35,77.4,91.0,0.090,2.76,0,0,0,41,0,navigation_freeze
prolong,0508,q35a-prolong-codex-0508,legacy,2,4,4,0,False,200,max_steps,False,78.5,41,97.5,98.0,0.020,1.01,0,0,0,14,0,navigation_freeze
prolong,0514,q35a-prolong-codex-0514,legacy,3,4,4,0,False,200,max_steps,False,0.0,1,73.9,78.5,0.215,8.05,0,0,0,33,0,clean
prolong,0520,q35a-prolong-codex-0520,legacy,0,4,4,0,False,200,max_steps,False,69.0,16,93.0,94.5,0.055,1.89,0,0,0,18,0,clean
prolong,0522,q35a-prolong-codex-0522,legacy,2,4,4,0,False,200,max_steps,False,45.7,79,69.2,91.4,0.086,4.85,0,0,0,128,0,navigation_freeze
prolong,0525,q35a-prolong-codex-0525,legacy,1,4,4,0,False,200,max_steps,False,0.0,2,27.1,71.5,0.285,1.31,0,0,0,17,0,clean
prolong,0537,q35a-prolong-codex-0537,legacy,1,4,4,0,False,200,max_steps,False,46.0,13,95.0,95.5,0.045,1.33,0,0,0,33,0,pacing_loop
prolong,0543,q35a-prolong-codex-0543,legacy,0,4,4,0,False,200,max_steps,False,4.5,9,52.3,79.0,0.210,1.93,0,0,0,12,0,clean
prolong,0548,q35a-prolong-codex-0548,legacy,0,4,4,0,False,200,max_steps,False,64.5,21,89.9,95.5,0.045,1.38,0,0,0,23,0,navigation_freeze
prolong,0555,q35a-prolong-codex-0555,legacy,2,4,4,0,False,200,max_steps,False,34.5,69,74.9,88.5,0.115,1.69,0,0,0,21,0,navigation_freeze
prolong,0556,q35a-prolong-codex-0556,legacy,2,4,4,0,False,200,max_steps,False,21.0,11,100.0,98.5,0.015,,0,0,0,134,0,pacing_loop
prolong,0560,q35a-prolong-codex-0560,legacy,0,4,4,0,False,200,max_steps,True,50.0,15,96.5,94.5,0.055,1.15,0,0,0,13,0,clean
prolong,0573,q35a-prolong-codex-0573,legacy,4,4,4,0,True,99,agent_esc,False,0.0,1,54.1,82.8,0.172,2.13,0,0,0,31,0,clean
prolong,0576,q35a-prolong-codex-0576,legacy,1,4,4,0,False,200,max_steps,True,6.0,6,87.4,95.0,0.050,5.04,0,0,0,27,0,pacing_loop
prolong,0580,q35a-prolong-codex-0580,legacy,2,4,4,0,False,200,max_steps,False,30.0,6,69.3,88.5,0.115,4.11,0,0,0,26,0,clean
prolong,0581,q35a-prolong-codex-0581,legacy,1,4,4,1,False,200,max_steps,False,15.0,6,79.4,91.0,0.090,5.02,0,0,0,48,0,clean
prolong,0589,q35a-prolong-codex-0589,legacy,2,4,4,1,False,200,max_steps,False,41.0,11,94.5,91.5,0.085,1.80,0,0,0,33,0,clean
prolong,0591,q35a-prolong-codex-0591,legacy,0,4,4,0,False,200,max_steps,False,19.5,20,63.3,92.0,0.080,23.99,0,0,0,40,0,navigation_freeze
prolong,0594,q35a-prolong-codex-0594,legacy,1,4,4,0,False,200,max_steps,False,19.5,17,81.9,94.5,0.055,6.19,0,0,0,46,0,clean
prolong,0597,q35a-prolong-codex-0597,legacy,0,4,4,1,False,200,max_steps,False,44.5,35,93.0,94.0,0.060,2.34,0,0,0,61,0,navigation_freeze
prolong,0603,q35a-prolong-codex-0603,legacy,1,4,4,0,False,200,max_steps,True,13.0,11,82.9,92.0,0.080,3.44,0,0,0,45,0,clean
prolong,0612,q35a-prolong-codex-0612,legacy,2,4,4,0,False,200,max_steps,False,3.5,7,86.9,89.5,0.105,7.08,0,0,0,33,0,clean
prolong,0613,q35a-prolong-codex-0613,legacy,0,4,4,0,False,200,max_steps,False,0.0,1,29.1,74.0,0.260,1.65,0,0,0,18,0,clean
prolong,0616,q35a-prolong-codex-0616,legacy,2,4,4,1,False,200,max_steps,False,13.0,16,55.3,82.0,0.180,2.19,0,0,0,40,0,clean
prolong,0646,q35a-prolong-codex-0646,legacy,2,4,4,0,False,200,max_steps,False,26.0,13,61.8,89.0,0.110,3.14,0,0,0,6,0,clean
prolong,0659,q35a-prolong-codex-0659,legacy,1,4,4,1,False,200,max_steps,False,30.0,11,65.8,91.5,0.085,7.62,0,0,0,23,0,clean
prolong,0665,q35a-prolong-codex-0665,legacy,1,4,4,1,False,200,max_steps,False,74.5,21,91.5,95.0,0.050,1.06,0,0,0,15,0,navigation_freeze
prolong,0666,q35a-prolong-codex-0666,legacy,0,4,4,1,False,200,max_steps,False,15.0,5,87.4,86.5,0.135,1.50,0,0,0,52,0,clean
prolong,0674,q35a-prolong-codex-0674,legacy,1,4,4,0,False,200,max_steps,False,66.5,67,87.9,95.0,0.050,1.34,0,0,0,31,0,navigation_freeze
prolong,0675,q35a-prolong-codex-0675,legacy,0,4,4,0,False,200,max_steps,True,57.5,21,98.0,96.5,0.035,1.10,0,0,0,15,0,navigation_freeze
prolong,0679,q35a-prolong-codex-0679,legacy,0,4,4,0,False,200,max_steps,False,50.5,27,72.7,91.5,0.085,1.69,0,0,0,118,0,navigation_freeze
prolong,0685,q35a-prolong-codex-0685,legacy,2,4,4,1,False,200,max_steps,False,12.0,14,52.8,87.5,0.125,9.45,0,0,0,20,0,clean
prolong,0686,q35a-prolong-codex-0686,legacy,1,4,4,1,False,200,max_steps,False,38.0,24,95.5,96.5,0.035,2.04,0,0,0,117,0,navigation_freeze
prolong,0694,q35a-prolong-codex-0694,legacy,3,4,4,0,False,200,max_steps,True,3.5,7,37.7,73.0,0.270,1.53,0,0,0,13,0,clean
prolong,0695,q35a-prolong-codex-0695,legacy,0,4,4,0,False,200,max_steps,False,18.5,13,57.3,87.0,0.130,3.42,0,0,0,31,0,clean
prolong,0711,q35a-prolong-codex-0711,legacy,3,4,4,0,False,200,max_steps,False,0.0,1,56.3,80.5,0.195,1.66,0,0,0,48,1,clean
prolong,0720,q35a-prolong-codex-0720,legacy,2,4,4,1,False,200,max_steps,False,0.0,4,33.7,70.5,0.295,1.48,0,0,0,13,0,clean
prolong,0723,q35a-prolong-codex-0723,legacy,2,4,4,1,False,200,max_steps,False,0.0,3,89.4,91.5,0.085,3.03,0,0,0,87,1,clean
prolong,0726,q35a-prolong-codex-0726,legacy,3,4,4,0,False,200,max_steps,True,3.5,7,77.9,88.5,0.115,2.03,0,0,0,18,0,clean
prolong,0728,q35a-prolong-codex-0728,legacy,2,4,4,0,False,200,max_steps,False,43.0,30,92.0,91.0,0.090,1.83,0,0,0,59,0,navigation_freeze
prolong,0729,q35a-prolong-codex-0729,legacy,3,4,4,0,False,200,max_steps,False,27.5,16,81.4,92.0,0.080,4.39,0,0,0,24,0,clean
prolong,0730,q35a-prolong-codex-0730,legacy,0,4,4,0,False,200,max_steps,False,39.5,14,89.4,91.0,0.090,1.27,0,0,0,62,0,clean
prolong,0734,q35a-prolong-codex-0734,legacy,2,4,4,0,False,200,max_steps,False,0.0,4,75.9,88.0,0.120,3.30,0,0,0,42,0,clean
prolong,0738,q35a-prolong-codex-0738,legacy,1,4,4,0,False,200,max_steps,False,75.0,73,98.5,96.5,0.035,1.03,0,0,0,15,0,navigation_freeze
prolong,0742,q35a-prolong-codex-0742,legacy,1,4,4,0,False,200,max_steps,False,36.5,21,78.9,90.5,0.095,2.52,0,0,0,17,0,navigation_freeze
prolong,0743,q35a-prolong-codex-0743,legacy,0,4,4,2,False,200,max_steps,False,5.0,5,95.0,94.5,0.055,5.16,0,0,0,86,0,clean
prolong,0745,q35a-prolong-codex-0745,legacy,2,4,4,0,False,200,max_steps,False,82.0,21,94.0,96.0,0.040,1.03,0,0,0,13,0,navigation_freeze
prolong,0747,q35a-prolong-codex-0747,legacy,4,4,4,0,True,70,agent_esc,False,0.0,4,36.2,75.7,0.243,1.31,0,0,0,10,0,clean
prolong,0749,q35a-prolong-codex-0749,legacy,0,4,4,0,False,200,max_steps,False,14.0,20,36.7,74.0,0.260,1.48,0,0,0,15,1,navigation_freeze
prolong,0759,q35a-prolong-codex-0759,legacy,1,4,4,0,False,200,max_steps,False,4.5,9,55.3,85.5,0.145,2.61,0,0,0,11,0,clean
prolong,0763,q35a-prolong-codex-0763,legacy,2,4,4,0,False,200,max_steps,True,74.5,81,84.4,94.5,0.055,1.10,0,0,0,33,0,navigation_freeze
prolong,0764,q35a-prolong-codex-0764,legacy,4,4,4,0,True,80,agent_esc,False,0.0,1,45.6,71.2,0.287,1.47,0,0,0,13,0,clean
prolong,0769,q35a-prolong-codex-0769,legacy,0,4,4,0,False,200,max_steps,False,0.0,4,64.3,80.5,0.195,1.26,0,0,0,31,0,clean
prolong,0771,q35a-prolong-codex-0771,legacy,2,4,4,0,False,200,max_steps,False,7.5,15,43.7,77.5,0.225,2.82,0,0,0,25,0,clean
prolong,0773,q35a-prolong-codex-0773,legacy,1,4,4,2,False,200,max_steps,False,9.0,6,77.4,89.5,0.105,2.66,0,0,0,37,0,clean
prolong,0774,q35a-prolong-codex-0774,legacy,0,4,4,1,False,200,max_steps,False,41.7,17,83.3,99.5,0.005,21.04,0,0,0,26,0,pacing_loop
prolong,0776,q35a-prolong-codex-0776,legacy,1,4,4,0,False,200,max_steps,False,16.5,15,62.3,84.5,0.155,2.79,0,0,0,21,0,clean
prolong,0780,q35a-prolong-codex-0780,legacy,1,4,4,0,False,200,max_steps,False,2.5,5,53.3,80.0,0.200,1.77,0,0,0,17,0,clean
prolong,0784,q35a-prolong-codex-0784,legacy,2,4,4,0,False,200,max_steps,False,21.0,22,88.4,93.0,0.070,3.69,0,0,0,31,0,navigation_freeze
prolong,0787,q35a-prolong-codex-0787,legacy,2,4,4,0,False,200,max_steps,False,16.0,21,50.3,84.5,0.155,8.60,0,0,0,24,0,navigation_freeze
prolong,0793,q35a-prolong-codex-0793,legacy,1,4,4,0,False,200,max_steps,False,6.5,13,78.4,87.0,0.130,1.95,0,0,0,13,0,clean
prolong,0794,q35a-prolong-codex-0794,legacy,0,4,4,3,False,200,max_steps,False,39.5,40,85.4,96.0,0.040,6.31,0,0,0,18,0,navigation_freeze
default,0033,q35a-default-vllm-append-only-0033,append-only,0,4,4,0,False,200,max_steps,False,0.0,1,95.5,91.0,0.090,1.94,0,35,0,0,0,clean
default,0074,q35a-default-vllm-append-only-0074,append-only,3,4,4,0,False,200,max_steps,True,0.0,1,57.3,85.5,0.145,3.22,0,14,4,0,0,clean
default,0102,q35a-default-vllm-append-only-0102,append-only,0,4,4,0,False,200,max_steps,True,0.0,1,97.0,97.5,0.025,14.38,0,3,0,0,0,pacing_loop
default,0118,q35a-default-vllm-append-only-0118,append-only,0,4,4,0,False,200,max_steps,True,0.0,1,76.9,79.5,0.205,1.68,0,154,0,0,0,clean
default,0130,q35a-default-vllm-append-only-0130,append-only,0,4,4,0,False,200,max_steps,True,3.0,6,72.4,94.0,0.060,4.93,0,20,0,0,0,clean
default,0133,q35a-default-vllm-append-only-0133,append-only,0,4,4,0,False,200,max_steps,False,0.0,1,94.5,86.0,0.140,2.95,0,105,0,0,0,clean
default,0140,q35a-default-vllm-append-only-0140,append-only,0,4,4,0,False,200,max_steps,False,0.0,2,62.2,85.2,0.148,3.23,0,159,0,0,0,clean
default,0168,q35a-default-vllm-append-only-0168,append-only,1,4,4,0,False,200,max_steps,False,0.0,1,96.0,88.5,0.115,4.22,0,40,0,0,0,clean
default,0182,q35a-default-vllm-append-only-0182,append-only,2,4,4,0,False,200,max_steps,True,0.0,1,79.9,92.5,0.075,3.45,0,44,0,0,0,clean
default,0232,q35a-default-vllm-append-only-0232,append-only,2,4,4,0,False,200,max_steps,True,0.0,2,98.5,95.5,0.045,1.08,0,267,0,0,0,pacing_loop
default,0274,q35a-default-vllm-append-only-0274,append-only,0,4,4,0,False,200,max_steps,False,88.5,177,97.5,98.5,0.015,1.59,166,0,1,0,0,esc_deadlock
default,0306,q35a-default-vllm-append-only-0306,append-only,4,4,4,0,True,44,agent_esc,True,0.0,1,20.9,68.2,0.318,1.08,4,0,0,0,0,clean
default,0311,q35a-default-vllm-append-only-0311,append-only,0,4,4,2,False,200,max_steps,True,0.0,1,97.5,94.0,0.060,2.37,0,36,0,0,0,clean
default,0316,q35a-default-vllm-append-only-0316,append-only,0,4,4,0,False,200,max_steps,False,0.0,1,65.3,79.0,0.210,4.72,0,8,0,0,0,clean
default,0368,q35a-default-vllm-append-only-0368,append-only,0,4,4,1,False,200,max_steps,False,34.5,69,94.5,93.5,0.065,6.81,0,62,0,0,0,navigation_freeze
default,0369,q35a-default-vllm-append-only-0369,append-only,0,4,4,0,False,200,max_steps,False,0.0,2,91.0,92.0,0.080,3.44,0,9,0,0,0,clean
default,0408,q35a-default-vllm-append-only-0408,append-only,0,4,4,0,False,200,max_steps,True,0.0,2,53.3,87.5,0.125,3.35,0,5,0,0,0,clean
default,0410,q35a-default-vllm-append-only-0410,append-only,1,4,4,0,False,200,max_steps,True,0.0,1,57.3,87.0,0.130,3.50,12,100,0,0,0,clean
default,0412,q35a-default-vllm-append-only-0412,append-only,1,4,4,0,False,200,max_steps,True,0.0,1,62.8,90.5,0.095,2.74,0,47,1,0,0,clean
default,0435,q35a-default-vllm-append-only-0435,append-only,0,4,4,0,False,200,max_steps,True,0.0,2,54.8,87.5,0.125,2.43,0,71,0,0,0,clean
default,0482,q35a-default-vllm-append-only-0482,append-only,1,4,4,0,False,200,max_steps,True,0.0,2,64.8,82.0,0.180,5.65,0,38,0,0,0,clean
default,0555,q35a-default-vllm-append-only-0555,append-only,1,4,4,0,False,200,max_steps,False,0.0,3,78.9,88.5,0.115,2.53,0,14,0,0,0,clean
default,0560,q35a-default-vllm-append-only-0560,append-only,0,4,4,0,False,200,max_steps,True,0.0,2,51.8,82.0,0.180,1.39,0,17,0,0,0,clean
default,0576,q35a-default-vllm-append-only-0576,append-only,1,4,4,0,False,200,max_steps,True,0.0,2,91.0,93.5,0.065,4.93,0,47,0,0,0,clean
default,0591,q35a-default-vllm-append-only-0591,append-only,0,4,4,0,False,200,max_steps,False,0.0,1,73.1,94.9,0.051,9.26,0,85,0,0,0,clean
default,0603,q35a-default-vllm-append-only-0603,append-only,1,4,4,0,False,200,max_steps,True,0.0,3,89.9,90.0,0.100,3.27,0,49,0,0,0,clean
default,0659,q35a-default-vllm-append-only-0659,append-only,0,4,4,1,False,200,max_steps,False,0.0,2,45.7,79.0,0.210,1.67,0,201,0,0,0,clean
default,0675,q35a-default-vllm-append-only-0675,append-only,0,4,4,0,False,200,max_steps,True,2.5,5,97.0,92.5,0.075,2.46,0,71,0,0,0,clean
default,0694,q35a-default-vllm-append-only-0694,append-only,1,4,4,0,False,200,max_steps,True,0.0,1,77.9,91.0,0.090,7.45,0,45,0,0,0,clean
default,0695,q35a-default-vllm-append-only-0695,append-only,1,4,4,0,False,200,max_steps,False,0.0,1,73.9,89.0,0.110,2.13,0,90,0,0,0,clean
default,0726,q35a-default-vllm-append-only-0726,append-only,0,4,4,0,False,200,max_steps,True,0.0,1,79.9,90.0,0.100,3.45,0,42,0,0,0,clean
default,0730,q35a-default-vllm-append-only-0730,append-only,1,4,4,0,False,200,max_steps,False,0.0,1,79.9,96.0,0.040,16.86,0,108,0,0,0,pacing_loop
default,0763,q35a-default-vllm-append-only-0763,append-only,1,4,4,0,False,200,max_steps,True,0.0,1,91.0,90.0,0.100,2.24,0,49,0,0,0,clean
hypothesis,0074,q35a-hypothesis-vllm-append-only-0074,append-only,3,4,4,0,False,200,max_steps,True,2.5,5,73.9,87.0,0.130,2.85,0,136,0,0,0,clean
hypothesis,0102,q35a-hypothesis-vllm-append-only-0102,append-only,0,4,4,0,False,200,max_steps,True,48.0,96,91.0,93.5,0.065,3.51,75,148,0,0,0,esc_deadlock
hypothesis,0118,q35a-hypothesis-vllm-append-only-0118,append-only,0,4,4,0,False,200,max_steps,True,0.0,1,88.2,86.2,0.138,2.56,0,14,0,0,0,clean
hypothesis,0130,q35a-hypothesis-vllm-append-only-0130,append-only,0,4,4,0,False,200,max_steps,True,0.0,1,53.3,81.0,0.190,2.21,0,9,0,0,0,clean
hypothesis,0182,q35a-hypothesis-vllm-append-only-0182,append-only,1,4,4,0,False,200,max_steps,True,0.0,2,71.9,92.5,0.075,6.94,0,22,1,0,0,clean
hypothesis,0232,q35a-hypothesis-vllm-append-only-0232,append-only,0,4,4,0,False,200,max_steps,True,0.0,1,68.3,94.0,0.060,7.90,0,79,1,0,0,clean
hypothesis,0306,q35a-hypothesis-vllm-append-only-0306,append-only,3,4,4,0,False,200,max_steps,True,0.0,1,77.9,88.5,0.115,2.30,4,99,0,0,0,clean
hypothesis,0311,q35a-hypothesis-vllm-append-only-0311,append-only,0,4,4,2,False,200,max_steps,True,0.0,2,63.3,85.5,0.145,2.52,0,36,0,0,0,clean
hypothesis,0408,q35a-hypothesis-vllm-append-only-0408,append-only,0,4,4,0,False,200,max_steps,True,0.0,1,74.4,95.0,0.050,59.02,0,10,0,0,0,pacing_loop
hypothesis,0410,q35a-hypothesis-vllm-append-only-0410,append-only,0,4,4,0,False,200,max_steps,True,5.5,6,81.4,91.0,0.090,29.64,2,112,14,0,0,clean
hypothesis,0412,q35a-hypothesis-vllm-append-only-0412,append-only,1,4,4,0,False,200,max_steps,True,88.0,176,94.5,97.0,0.030,1.34,166,1,8,0,0,esc_deadlock
hypothesis,0435,q35a-hypothesis-vllm-append-only-0435,append-only,0,4,4,0,False,200,max_steps,True,0.0,2,60.8,82.5,0.175,3.35,0,12,1,0,0,clean
hypothesis,0482,q35a-hypothesis-vllm-append-only-0482,append-only,1,4,4,0,False,200,max_steps,True,41.5,83,92.0,90.0,0.100,1.62,50,156,0,0,0,esc_deadlock
hypothesis,0560,q35a-hypothesis-vllm-append-only-0560,append-only,1,4,4,0,False,200,max_steps,True,2.5,5,84.4,89.5,0.105,2.20,0,57,0,0,0,clean
hypothesis,0576,q35a-hypothesis-vllm-append-only-0576,append-only,0,4,4,0,False,200,max_steps,True,0.0,1,87.4,94.0,0.060,8.62,0,75,0,0,0,clean
hypothesis,0603,q35a-hypothesis-vllm-append-only-0603,append-only,1,4,4,0,False,200,max_steps,True,0.0,1,81.9,95.0,0.050,19.78,1,76,0,0,0,pacing_loop
hypothesis,0675,q35a-hypothesis-vllm-append-only-0675,append-only,0,4,4,0,False,200,max_steps,True,0.0,2,77.9,93.5,0.065,14.51,0,129,0,0,0,clean
hypothesis,0694,q35a-hypothesis-vllm-append-only-0694,append-only,0,4,4,0,False,200,max_steps,True,0.0,1,64.3,85.0,0.150,1.51,0,8,0,0,0,clean
hypothesis,0726,q35a-hypothesis-vllm-append-only-0726,append-only,1,4,4,0,False,200,max_steps,True,0.0,1,66.8,84.0,0.160,3.28,0,10,0,0,0,clean
hypothesis,0763,q35a-hypothesis-vllm-append-only-0763,append-only,2,4,4,0,False,200,max_steps,True,20.5,41,79.9,93.5,0.065,5.77,0,10,0,0,0,navigation_freeze
